{
    "accuracy": 0.950945815966656,
    "precision": 0.9419366259514959,
    "recall": 0.9493309545049063,
    "f1_score": 0.945619335347432,
    "confusion_matrix": [
        [
            6543,
            328
        ],
        [
            284,
            5321
        ]
    ],
    "classification_report": "              precision    recall  f1-score   support\n\n        FAKE       0.96      0.95      0.96      6871\n        REAL       0.94      0.95      0.95      5605\n\n    accuracy                           0.95     12476\n   macro avg       0.95      0.95      0.95     12476\nweighted avg       0.95      0.95      0.95     12476\n"
}