{
    "accuracy": 0.7466666666666667,
    "precision": 0.7466666666666667,
    "recall": 0.7466666666666667,
    "f1_score": 0.7466666666666667,
    "confusion_matrix": [
        [
            112,
            38
        ],
        [
            38,
            112
        ]
    ],
    "classification_report": "              precision    recall  f1-score   support\n\n        REAL       0.75      0.75      0.75       150\n        FAKE       0.75      0.75      0.75       150\n\n    accuracy                           0.75       300\n   macro avg       0.75      0.75      0.75       300\nweighted avg       0.75      0.75      0.75       300\n",
    "mocked": true
}